<?xml version="1.0" encoding="UTF-8"?>
<project-private xmlns="http://www.netbeans.org/ns/project-private/1">
    <editor-bookmarks xmlns="http://www.netbeans.org/ns/editor-bookmarks/2" lastBookmarkId="0"/>
    <open-files xmlns="http://www.netbeans.org/ns/projectui-open-files/2">
        <group>
            <file>file:/C:/Users/maf02/OneDrive/Área%20de%20Trabalho/TI/src/Pagamentos.java</file>
            <file>file:/C:/Users/maf02/OneDrive/Área%20de%20Trabalho/TI/src/Relatorios.java</file>
            <file>file:/C:/Users/maf02/OneDrive/Área%20de%20Trabalho/TI/src/Familiares.java</file>
            <file>file:/C:/Users/maf02/OneDrive/Área%20de%20Trabalho/TI/src/TelaInicial.java</file>
            <file>file:/C:/Users/maf02/OneDrive/Área%20de%20Trabalho/TI/src/Servicos.java</file>
            <file>file:/C:/Users/maf02/OneDrive/Área%20de%20Trabalho/TI/src/Agendamentos.java</file>
            <file>file:/C:/Users/maf02/OneDrive/Área%20de%20Trabalho/TI/src/Atividades.java</file>
            <file>file:/C:/Users/maf02/OneDrive/Área%20de%20Trabalho/TI/src/Login.java</file>
            <file>file:/C:/Users/maf02/OneDrive/Área%20de%20Trabalho/TI/src/Medicamentos.java</file>
            <file>file:/C:/Users/maf02/OneDrive/Área%20de%20Trabalho/TI/src/Documentos.java</file>
            <file>file:/C:/Users/maf02/OneDrive/Área%20de%20Trabalho/TI/src/Cuidadores.java</file>
        </group>
    </open-files>
</project-private>
